,_runtime,_step,_timestamp,train_loss_result,valid_gripper_loss_result,valid_loss_result,valid_max_position_loss_result,valid_max_rotation_loss_result,valid_position_loss_result,valid_rotation_loss_result
0,274,0,1609670874,0.043750450015068054,0.06888571381568909,0.02962445095181465,2.5871200561523438,5.796080112457275,0.012769529595971107,0.0333922803401947
1,403,80,1609671003,0.014329666271805763,0.031141018494963646,0.013241480104625225,2.371859073638916,5.0019378662109375,0.006625222973525524,0.013891223818063736
2,439,100,1609671039,0.012532733380794525,0.029207268729805946,0.012032989412546158,2.3329415321350098,4.854852676391602,0.005980364978313446,0.012360849417746067
3,758,280,1609671358,0.008341087028384209,0.020804211497306824,0.007923505268990993,1.9296748638153076,4.417179584503174,0.003865504404529929,0.007687936536967754
4,794,300,1609671394,0.008473682217299938,0.02060118317604065,0.0079011470079422,1.949770450592041,3.9819416999816895,0.004043424502015114,0.00752552505582571
5,900,360,1609671500,0.007547444198280573,0.018825437873601913,0.007042804267257452,1.8531450033187866,4.388305187225342,0.003267336403951049,0.006890726741403341
6,938,380,1609671538,0.007217243313789368,0.018089521676301956,0.007009888533502817,1.7919950485229492,4.118891716003418,0.0035090965684503317,0.006817469839006662
7,974,400,1609671574,0.007670485880225897,0.017877187579870224,0.006812600884586573,1.8736523389816284,4.213482856750488,0.003365896176546812,0.006571111269295216
8,1044,440,1609671644,0.0070775649510324,0.01714448258280754,0.006541757844388485,1.7831555604934692,4.103169918060303,0.003302226308733225,0.006247048266232014
9,1079,460,1609671679,0.007009821943938732,0.016880374401807785,0.0063858916983008385,1.7224037647247314,4.192216396331787,0.003027701983228326,0.006245920434594154
10,1114,480,1609671714,0.006376767065376043,0.016427038237452507,0.006041662767529488,1.7242671251296997,3.993499994277954,0.00274227699264884,0.005879256874322891
11,1187,520,1609671787,0.006268791854381561,0.015815449878573418,0.006078224629163742,1.667341947555542,4.069487571716309,0.0029689825605601072,0.00594172440469265
12,1296,580,1609671896,0.0058123646304011345,0.015118474140763283,0.005580976605415344,1.6567856073379517,3.957306385040283,0.002575151389464736,0.0054076374508440495
13,1443,660,1609672043,0.0058932797983288765,0.013325881212949753,0.005205496214330196,1.5979833602905273,3.90218448638916,0.0025121639482676983,0.005192032549530268
14,1480,680,1609672080,0.0053114378824830055,0.013754229992628098,0.005520363338291645,1.5850307941436768,3.7496209144592285,0.003071136772632599,0.005224967375397682
15,1515,700,1609672115,0.005665750242769718,0.01362677663564682,0.005121843423694372,1.5407404899597168,4.158872127532959,0.0023802006617188454,0.005028507672250271
16,1549,720,1609672149,0.0053639160469174385,0.013607162982225418,0.0051856497302651405,1.552403450012207,3.8487958908081055,0.002375613898038864,0.005188513547182083
17,1653,780,1609672253,0.004962464794516563,0.013832952827215195,0.005059945397078991,1.476853609085083,4.05621337890625,0.0023354855366051197,0.004860070534050465
18,1724,820,1609672324,0.005160810891538858,0.012688139453530312,0.004776657558977604,1.4749252796173096,3.9646072387695312,0.0021814899519085884,0.004734664224088192
19,2005,980,1609672605,0.004675205331295729,0.011898580938577652,0.004492322914302349,1.3176939487457275,4.135532855987549,0.0020119459368288517,0.004503946751356125
20,2042,1000,1609672642,0.004385695327073336,0.011963257566094398,0.004462171345949173,1.3453103303909302,3.7370340824127197,0.0018879726994782686,0.00453600799664855
21,2112,1040,1609672712,0.0043510859832167625,0.011558868922293186,0.0044662244617938995,1.2967702150344849,4.027939796447754,0.002014034427702427,0.004554200451821089
22,2148,1060,1609672748,0.004578547552227974,0.01181446760892868,0.004389652982354164,1.2845911979675293,4.129536151885986,0.0018290646839886904,0.004475303925573826
23,2218,1100,1609672818,0.004232361912727356,0.011404265649616718,0.004313229583203793,1.2983909845352173,3.923353910446167,0.0018940498121082783,0.004368729889392853
24,2323,1160,1609672923,0.0043149408884346485,0.011695013381540775,0.004258911125361919,1.2593181133270264,4.215887546539307,0.0016692285425961018,0.004369894042611122
25,2394,1200,1609672994,0.004124443046748638,0.011419463902711868,0.004231494385749102,1.1865133047103882,3.8749685287475586,0.0017224333714693785,0.004344565328210592
26,2431,1220,1609673031,0.004470438696444035,0.011711511760950089,0.0042448872700333595,1.2332229614257812,3.8364479541778564,0.001710509997792542,0.004290389828383923
27,2465,1240,1609673065,0.004216769244521856,0.011187964119017124,0.004181831143796444,1.2090892791748047,3.861595630645752,0.0016971983714029193,0.004331085830926895
28,2500,1260,1609673100,0.004087912850081921,0.011087091639637947,0.004156359937041998,1.1498714685440063,4.129049301147461,0.0017043211264535785,0.0042981537990272045
29,2534,1280,1609673134,0.0044936323538422585,0.011397209018468857,0.004229248035699129,1.1592111587524414,3.9489121437072754,0.0017280005849897861,0.00434117391705513
30,2570,1300,1609673170,0.003998721484094858,0.011121505871415138,0.0041247783228755,1.1577943563461304,4.043722152709961,0.0016934634186327457,0.00422385148704052
31,2604,1320,1609673204,0.004282934591174126,0.011381135322153568,0.004178209230303764,1.1525342464447021,4.0119404792785645,0.0016353405080735683,0.004320102743804455
32,2776,1420,1609673376,0.004101790487766266,0.011211954057216644,0.004097810480743647,1.1213966608047485,4.1525468826293945,0.0016143779503181577,0.004209861159324646
33,2812,1440,1609673412,0.004166808445006609,0.010992074385285378,0.0040953801944851875,1.0988250970840454,4.0612897872924805,0.0016575806075707078,0.0042342813685536385
34,2848,1460,1609673448,0.00383744016289711,0.011050919070839882,0.004051052499562502,1.1008083820343018,4.1507978439331055,0.0015379637479782104,0.004230852704495192
35,2883,1480,1609673483,0.004213470034301281,0.011219601146876812,0.004050042480230331,1.0647974014282227,3.784022092819214,0.0015396210364997387,0.004170611500740051
36,2918,1500,1609673518,0.003964518196880817,0.010869141668081284,0.004084120970219374,1.1058310270309448,3.875478744506836,0.001662026159465313,0.004244543146342039
37,3096,1600,1609673696,0.003954513464123011,0.010869290679693222,0.003992709796875715,1.0785350799560547,4.182075500488281,0.0015715467743575573,0.004121679347008467
38,3169,1640,1609673769,0.0041994876228272915,0.010997490026056767,0.004003850743174553,1.0135021209716797,3.916447401046753,0.0015094904229044914,0.004166997969150543
39,3242,1680,1609673842,0.0039252848364412785,0.010837802663445473,0.003968896809965372,1.0197796821594238,3.909573554992676,0.001491089235059917,0.004157069139182568
40,3276,1700,1609673876,0.003991537727415562,0.010591970756649971,0.0039025102742016315,0.9969298243522644,4.265207290649414,0.001499005826190114,0.004076194483786821
41,3384,1760,1609673984,0.003787472378462553,0.010699682869017124,0.003938051871955395,0.9881914854049683,3.886209011077881,0.0014849442522972822,0.004137281794101
42,3421,1780,1609674021,0.00375699857249856,0.010769225656986237,0.003960402682423592,1.0057400465011597,3.7871313095092773,0.0015218621119856834,0.004129335284233093
43,3458,1800,1609674058,0.004007839132100344,0.010941676795482635,0.0039504170417785645,0.9912059307098389,3.9928603172302246,0.001451405929401517,0.004119007848203182
44,3594,1880,1609674194,0.0035756141878664494,0.010470269247889519,0.003825677093118429,0.9586828947067261,3.6196346282958984,0.0014038293156772852,0.0040326607413589954
45,3663,1920,1609674263,0.0035961077082902193,0.010598399676382542,0.003915309906005859,0.9351980686187744,4.0170183181762695,0.001497589866630733,0.004105331376194954
46,3701,1940,1609674301,0.0037880868185311556,0.010739552788436413,0.003893292974680662,0.9691053628921509,4.049043655395508,0.0013812696561217308,0.004123229533433914
47,3738,1960,1609674338,0.0038464057724922895,0.010834473185241222,0.003921150229871273,0.9617259502410889,4.010265350341797,0.0014603586168959737,0.00407750066369772
48,3775,1980,1609674375,0.003538239747285843,0.010481202974915504,0.003850522916764021,0.9448322057723999,4.042268753051758,0.0014427071437239647,0.004048110917210579
49,3813,2000,1609674413,0.003947540186345577,0.010901540517807007,0.0038786870427429676,0.9101871252059937,3.9331092834472656,0.001387415686622262,0.004029007628560066
50,3993,2100,1609674593,0.003837344003841281,0.010673579759895802,0.003821742720901966,0.9193782806396484,4.180395126342773,0.001362376380711794,0.003997162915766239
51,4028,2120,1609674628,0.0036264595109969378,0.011051473207771778,0.003880603238940239,0.8889967203140259,4.203287124633789,0.0013637600932270288,0.004007156938314438
52,4167,2200,1609674767,0.003716400358825922,0.010501007549464703,0.0038176528178155422,0.8800910711288452,4.031938076019287,0.0014002581592649221,0.004007261246442795
53,4201,2220,1609674801,0.0036580809392035007,0.010419387370347977,0.0037834467366337776,0.8891727924346924,4.0837860107421875,0.0013284741435199976,0.004026439040899277
54,4239,2240,1609674839,0.0034356596879661083,0.010597589425742626,0.003813209244981408,0.8985563516616821,4.125659942626953,0.0013664800208061934,0.0039984784089028835
55,4276,2260,1609674876,0.003886836115270853,0.01065985206514597,0.0038290624506771564,0.8709394335746765,3.990269660949707,0.0013786684721708298,0.00400252640247345
56,4313,2280,1609674913,0.003465645480901003,0.010356764309108257,0.003743894398212433,0.8783259391784668,4.224645614624023,0.001327505917288363,0.003955992870032787
57,4387,2320,1609674987,0.0037166629917919636,0.010471006855368614,0.003771590068936348,0.8786269426345825,3.8138015270233154,0.0013393983244895935,0.003970642574131489
58,4425,2340,1609675025,0.00339348497800529,0.010365437716245651,0.003766602836549282,0.8789275288581848,3.748676061630249,0.0013223220594227314,0.0040112705901265144
59,4671,2480,1609675271,0.003571030218154192,0.010413475334644318,0.003783704712986946,0.8292760848999023,3.712130069732666,0.0013425819342955947,0.004014903679490089
60,4783,2540,1609675383,0.0033797924406826496,0.01025377307087183,0.003706276649609208,0.823371946811676,4.09060001373291,0.0012885448522865772,0.00394150847569108
61,4817,2560,1609675417,0.0035336557775735855,0.010625626891851425,0.0037721304688602686,0.8241384029388428,3.8570854663848877,0.0013250844785943627,0.0039346772246062756
62,4961,2640,1609675561,0.0033978964202106,0.010318368673324585,0.003700850997120142,0.8114976286888123,4.0045599937438965,0.001304652658291161,0.003891210537403822
63,4997,2660,1609675597,0.003423598362132907,0.010147737339138985,0.003714127466082573,0.831739068031311,4.197249412536621,0.0013049605768173933,0.003978757653385401
64,5031,2680,1609675631,0.0036658148746937513,0.010285393334925175,0.0037251324392855167,0.8038561940193176,3.9205808639526367,0.0013118013739585876,0.003951710183173418
65,5098,2720,1609675698,0.003623044118285179,0.010181175544857979,0.0037069739773869514,0.8131017684936523,3.936908721923828,0.0012860867427662015,0.003969793673604727
66,5131,2740,1609675731,0.0034551832359284163,0.010477153584361076,0.0037170862779021263,0.8154802918434143,4.109850883483887,0.0012510037049651146,0.0039298138581216335
67,5164,2760,1609675764,0.003331828862428665,0.010647175833582878,0.003740521613508463,0.8148318529129028,3.724534273147583,0.0012768920278176665,0.0039019333198666573
68,5233,2800,1609675833,0.0033080570865422487,0.01028129830956459,0.0037081041373312473,0.7922852039337158,3.6355819702148438,0.0013086536200717092,0.003916489891707897
69,5336,2860,1609675936,0.0032541807740926743,0.01029394380748272,0.003705080132931471,0.7781885862350464,3.7582714557647705,0.00126663688570261,0.003947235643863678
70,5476,2940,1609676076,0.003581918776035309,0.010045131668448448,0.0037140045315027237,0.7616268992424011,4.230648994445801,0.0013120302464812994,0.004005602560937405
71,5510,2960,1609676110,0.0032225935719907284,0.010160516947507858,0.0037058356683701277,0.7789890766143799,3.5552258491516113,0.0012736604548990726,0.003986449912190437
72,5616,3020,1609676216,0.003233844880014658,0.009838305413722992,0.0036214012652635574,0.7874438762664795,3.9109792709350586,0.001238612923771143,0.0039318883791565895
73,5653,3040,1609676253,0.0036641329061239958,0.009998121298849583,0.00368685694411397,0.769332766532898,3.9335999488830566,0.0013116372283548117,0.003958321176469326
74,5722,3080,1609676322,0.0034913974814116955,0.009862696751952171,0.00364860612899065,0.7472928762435913,4.217773914337158,0.0012899069115519524,0.003935941495001316
75,5759,3100,1609676359,0.003420208115130663,0.010004217736423016,0.003632528241723776,0.7172209024429321,3.8843250274658203,0.001253273687325418,0.0038878864143043756
76,5794,3120,1609676394,0.0032111734617501497,0.010823273099958897,0.0037468457594513893,0.8128616809844971,3.920718193054199,0.0012118163285776973,0.003923066426068544
77,5866,3160,1609676466,0.0032788023818284273,0.00980247464030981,0.0035902061499655247,0.748220682144165,4.133225917816162,0.0012483575846999884,0.003861298318952322
78,5977,3220,1609676577,0.003195923985913396,0.010121537372469902,0.003664872143417597,0.7329344153404236,3.891965866088867,0.001252263318747282,0.003925258293747902
79,6048,3260,1609676648,0.0033059243578463793,0.00985047873109579,0.00362864276394248,0.7331982851028442,3.8970775604248047,0.001285647857002914,0.0038976920768618584
80,6086,3280,1609676686,0.003246353240683675,0.009698320180177689,0.0036009582690894604,0.7246850728988647,3.9162631034851074,0.0012920466251671314,0.003877414856106043
81,6156,3320,1609676756,0.00318029779009521,0.009765957482159138,0.003606450743973255,0.726075291633606,3.973728656768799,0.0012407539179548621,0.0039189779199659824
82,6301,3400,1609676901,0.003589975880458951,0.009732195176184177,0.003570297732949257,0.7170577645301819,4.068934440612793,0.0012173091527074575,0.0038693202659487724
83,6335,3420,1609676935,0.0031842943280935287,0.009608865715563297,0.0035718693397939205,0.7252093553543091,4.004620552062988,0.0012342119589447975,0.0038971940521150827
84,6548,3540,1609677148,0.0032362532801926136,0.009507283568382263,0.0035436516627669334,0.700113832950592,3.9514269828796387,0.001216889824718237,0.003882535733282566
85,6583,3560,1609677183,0.003450511023402214,0.00964285433292389,0.0035806738305836916,0.7273389101028442,3.6941537857055664,0.001255343551747501,0.0038852766156196594
86,6618,3580,1609677218,0.003130777273327112,0.009833167307078838,0.0035723852925002575,0.7140088081359863,3.922726631164551,0.0012250652071088552,0.003832778427749872
87,6653,3600,1609677253,0.0034306608140468597,0.009691267274320126,0.003573960391804576,0.713211715221405,3.755141496658325,0.0012069696094840765,0.0039018490351736546
88,6867,3720,1609677467,0.003340667812153697,0.009445341303944588,0.003526897169649601,0.6840173006057739,3.780756950378418,0.0012088138610124588,0.0038721654564142227
89,6902,3740,1609677502,0.003093726933002472,0.009491894394159317,0.0035337363369762897,0.7066461443901062,3.982805013656616,0.0011907608713954687,0.0038906591944396496
90,7005,3800,1609677605,0.003199916332960129,0.009565255604684353,0.0035482021048665047,0.7060889601707458,3.99141788482666,0.0012116172583773732,0.003879101946949959
91,7111,3860,1609677711,0.0034189694561064243,0.009397710673511028,0.0035253018140792847,0.6775164604187012,3.770050525665283,0.001219983329065144,0.003873149398714304
92,7146,3880,1609677746,0.003229571506381035,0.00964136142283678,0.0035595824010670185,0.6948277354240417,3.7287371158599854,0.0011817794293165207,0.00391012616455555
93,7254,3940,1609677854,0.0031105619855225086,0.009538281708955765,0.003519932273775339,0.648484468460083,3.7412796020507812,0.0011897371150553226,0.003844010643661022
94,7290,3960,1609677890,0.003330802544951439,0.00938516017049551,0.00360774714499712,0.703612208366394,3.877946138381958,0.0012954103294759989,0.00399427954107523
95,7357,4000,1609677957,0.0030465119052678347,0.00936746783554554,0.003499068319797516,0.6967355012893677,3.99446177482605,0.001186478417366743,0.0038555259816348553
96,7468,4060,1609678068,0.0032307193614542484,0.009405840188264847,0.0035053640604019165,0.6530038118362427,3.7541236877441406,0.0011902762344107032,0.0038536263164132833
97,7504,4080,1609678104,0.0033518467098474503,0.009375929832458496,0.0035241139121353626,0.70604407787323,4.020583152770996,0.0012387421447783709,0.0038588803727179766
98,7539,4100,1609678139,0.003021104959771037,0.009425069205462933,0.0035060588270425797,0.6988282799720764,3.820192575454712,0.0011992226354777813,0.003839891403913498
99,7611,4140,1609678211,0.0031536545138806105,0.009262708015739918,0.0034632771275937557,0.6889896392822266,3.760526180267334,0.0011918661184608936,0.0038015441969037056
100,7711,4200,1609678311,0.0030331548769026995,0.009342406876385212,0.003480290062725544,0.6955069899559021,4.041719436645508,0.001206759363412857,0.003799781668931246
101,7784,4240,1609678384,0.003217533929273486,0.009212607517838478,0.003510880284011364,0.6811262965202332,3.9250922203063965,0.0012243627570569515,0.003896822454407811
102,7821,4260,1609678421,0.0029948961455374956,0.009151635691523552,0.0034984718076884747,0.7143716812133789,3.9920732975006104,0.0011984850279986858,0.003914070315659046
103,7893,4300,1609678493,0.0030588358640670776,0.009646199643611908,0.003542852122336626,0.6738277077674866,4.067760944366455,0.0011748539982363582,0.0038764006458222866
104,7962,4340,1609678562,0.0032741460017859936,0.009292922914028168,0.003482467494904995,0.7052064538002014,3.8571338653564453,0.0012160855112597346,0.0038120311219245195
105,8070,4400,1609678670,0.0031108565162867308,0.009147267788648605,0.003496041987091303,0.708556056022644,4.122949123382568,0.001247372361831367,0.0038609695620834827
106,8142,4440,1609678742,0.0033274057786911726,0.009609566070139408,0.003523297840729356,0.6973607540130615,4.181204795837402,0.001163496170192957,0.0038543434347957373
107,8179,4460,1609678779,0.003005986800417304,0.009306663647294044,0.0034595062024891376,0.6154392957687378,3.951422691345215,0.0011959371622651815,0.0037740219850093126
108,8249,4500,1609678849,0.003153487341478467,0.00943999458104372,0.0035150661133229733,0.6538776159286499,3.8983654975891113,0.0011611180379986763,0.0038940380327403545
109,8284,4520,1609678884,0.002985034603625536,0.009156404063105583,0.003449852578341961,0.6521962881088257,3.916132688522339,0.0011630316730588675,0.0038344895001500845
110,8354,4560,1609678954,0.003027364145964384,0.009178327396512032,0.0034656915813684464,0.7237863540649414,4.092859268188477,0.0011631181696429849,0.0038640531711280346
111,8390,4580,1609678990,0.003183674532920122,0.00928243063390255,0.0034510348923504353,0.6320487260818481,3.9219045639038086,0.001183846266940236,0.003774425480514765
112,8461,4620,1609679061,0.002951524220407009,0.00911981612443924,0.0034544700756669044,0.638625979423523,3.9485466480255127,0.001173679600469768,0.0038468115963041782
113,8497,4640,1609679097,0.003350924700498581,0.009297743439674377,0.00348833529278636,0.6329414248466492,3.9648842811584473,0.0011968982871621847,0.0038433033041656017
114,8532,4660,1609679132,0.0030711754225194454,0.009092476218938828,0.003461927641183138,0.675316572189331,4.042850494384766,0.001172725111246109,0.0038742804899811745
115,8569,4680,1609679169,0.003132883459329605,0.009216103702783585,0.0034863136243075132,0.6667312979698181,4.03271484375,0.0012154895812273026,0.00384720740839839
116,8607,4700,1609679207,0.0033066398464143276,0.009502297267317772,0.003481172025203705,0.6819145679473877,3.938094139099121,0.0011468110606074333,0.0038084913976490498
117,8675,4740,1609679275,0.0032535544596612453,0.009179599583148956,0.003477246267721057,0.6359248161315918,4.175046443939209,0.001175961922854185,0.0038777461741119623
118,8746,4780,1609679346,0.002983583603054285,0.009536303579807281,0.003474112134426832,0.6847534775733948,3.8640494346618652,0.0011636335402727127,0.003763859858736396
119,8781,4800,1609679381,0.0033549447543919086,0.009048771113157272,0.003469685558229685,0.6768795847892761,4.039389610290527,0.0012311532627791166,0.0038485219702124596
120,8848,4840,1609679448,0.0031942236237227917,0.00924709439277649,0.0034597478806972504,0.6507031917572021,3.729004383087158,0.0011816907208412886,0.003808689070865512
121,8919,4880,1609679519,0.0029323031194508076,0.00909793097525835,0.0034338536206632853,0.6321147680282593,3.5927276611328125,0.0011827241396531463,0.0037969574332237244
122,8953,4900,1609679553,0.0033460003323853016,0.0093765277415514,0.003491249866783619,0.6612155437469482,3.8059885501861572,0.001192070310935378,0.0038286689668893814
123,9088,4980,1609679688,0.0029136035591363907,0.009308472275733948,0.003463595872744918,0.6127851009368896,3.9583756923675537,0.0011690591927617788,0.0038098404183983803
124,9300,5100,1609679900,0.0031909137032926083,0.008948737755417824,0.003393838182091713,0.6330736875534058,3.5947909355163574,0.0011671956162899733,0.0037688466254621744
125,9336,5120,1609679936,0.003096397267654538,0.009115928784012794,0.0034376417752355337,0.6532570123672485,3.817513942718506,0.001183735323138535,0.003798785386607051
126,9371,5140,1609679971,0.0028929696418344975,0.008928723633289337,0.0034016896970570087,0.6642407178878784,4.007230758666992,0.00117004057392478,0.0037909934762865305
127,9446,5180,1609680046,0.002964877989143133,0.00932811014354229,0.003451812779530883,0.6705586910247803,3.9626898765563965,0.0011649520602077246,0.003779908176511526
128,9484,5200,1609680084,0.0031068692915141582,0.008885876275599003,0.0034057949669659138,0.6377624273300171,3.8047351837158203,0.0011840781662613153,0.0038008177652955055
129,9519,5220,1609680119,0.0032197602558881044,0.008958768099546432,0.0034039542078971863,0.6240814924240112,3.694065570831299,0.0011543621076270938,0.0038019416388124228
130,9589,5260,1609680189,0.0032701417803764343,0.009029949083924294,0.0034219264052808285,0.631469190120697,4.018215179443359,0.0011664044577628374,0.00380810652859509
131,9622,5280,1609680222,0.0029930402524769306,0.008996296674013138,0.003423559945076704,0.6895437240600586,3.910529851913452,0.0011961262207478285,0.0037934142164885998
132,9765,5360,1609680365,0.0031896885484457016,0.008932329714298248,0.003435335587710142,0.6565506458282471,4.244848251342773,0.0012082712491974235,0.0038300687447190285
133,9836,5400,1609680436,0.0028786296024918556,0.008983021602034569,0.0033934209495782852,0.6136133670806885,3.7756667137145996,0.0011483174748718739,0.003775323275476694
134,9909,5440,1609680509,0.002947558183223009,0.00884920172393322,0.0033453695941716433,0.590725302696228,3.8186819553375244,0.0011157554108649492,0.003740373533219099
135,9982,5480,1609680582,0.0031265367288142443,0.008947541937232018,0.0033859529066830873,0.6370130777359009,3.9002137184143066,0.0011519803665578365,0.0037660617381334305
136,10016,5500,1609680616,0.002899017184972763,0.008969664573669434,0.0033854220528155565,0.6116465330123901,3.792518138885498,0.0011322160717099905,0.00377721362747252
137,10053,5520,1609680653,0.003291866509243846,0.009051894769072533,0.003406878560781479,0.6184341907501221,3.937425374984741,0.001157598104327917,0.003774486482143402
138,10303,5660,1609680903,0.0028661279939115047,0.008682959713041782,0.003329169936478138,0.6309053897857666,4.085522651672363,0.0011078767711296678,0.0037658666260540485
139,10337,5680,1609680937,0.0032746598590165377,0.008941070176661015,0.003356764791533351,0.6788167953491211,3.5210564136505127,0.0011370552238076925,0.003715038765221834
140,10373,5700,1609680973,0.0028917647432535887,0.008994471281766891,0.0034087980166077614,0.593376636505127,4.089016914367676,0.001134683028794825,0.0038210218772292137
141,10408,5720,1609681008,0.0030963076278567314,0.008942358195781708,0.0033961194567382336,0.6330620646476746,3.630460500717163,0.001182010630145669,0.003761481959372759
142,10442,5740,1609681042,0.003085693810135126,0.009198341518640518,0.0034357577096670866,0.6221226453781128,4.075693130493164,0.0011389355640858412,0.0038117174990475178
143,10477,5760,1609681077,0.0028554671443998814,0.008892957121133804,0.003359126392751932,0.6418660283088684,3.699532985687256,0.0011316740419715643,0.0037419686559587717
144,10551,5800,1609681151,0.0029663569293916225,0.008951747789978981,0.003395829815417528,0.6072432398796082,3.969564199447632,0.001173215452581644,0.003766471054404974
145,10658,5860,1609681258,0.0028491211123764515,0.008884066715836525,0.0033489386551082134,0.5851527452468872,3.9207892417907715,0.0011347958352416754,0.0037180387880653143
146,10692,5880,1609681292,0.003170367330312729,0.008932972326874733,0.003366622608155012,0.6691020727157593,3.795438289642334,0.001119675929658115,0.003758118487894535
147,10799,5940,1609681399,0.0032557782251387835,0.008908551186323166,0.0033668936230242252,0.6705373525619507,3.778571605682373,0.0011462332913652062,0.003740334417670965
148,10833,5960,1609681433,0.0028624110855162144,0.00881856307387352,0.003356870263814926,0.5887473821640015,3.8120603561401367,0.0011276500299572945,0.003765525994822383
149,10868,5980,1609681468,0.0030939984135329723,0.008799633011221886,0.003362212097272277,0.6035000085830688,3.9905481338500977,0.0011547920294106007,0.0037571582943201065
150,10939,6020,1609681539,0.0028477509040385485,0.009001138620078564,0.003365917829796672,0.6319087147712708,3.69675350189209,0.0011285305954515934,0.0037248979788273573
151,11012,6060,1609681612,0.0028885151259601116,0.00903851818293333,0.0034035202115774155,0.6248242855072021,3.747725248336792,0.00115140900015831,0.0037772981449961662
152,11046,6080,1609681646,0.0030060727149248123,0.009168468415737152,0.0034217413049191236,0.6179404854774475,3.5076794624328613,0.0011576720280572772,0.003770234063267708
153,11158,6140,1609681758,0.0031878319568932056,0.008899728767573833,0.003366076387465,0.6386755704879761,3.987985134124756,0.0011316065210849047,0.0037559950724244118
154,11301,6220,1609681901,0.002844075905159116,0.008844304829835892,0.0033638374879956245,0.61294025182724,4.155934810638428,0.0011385115794837475,0.003762340173125267
155,11405,6280,1609682005,0.002805945463478565,0.008937299251556396,0.0033573717810213566,0.6077587604522705,4.036463260650635,0.0011400380171835423,0.003714730031788349
156,11441,6300,1609682041,0.0032184706069529057,0.008804410696029663,0.0033328933641314507,0.6459237337112427,4.065219879150391,0.001110619050450623,0.003731328761205077
157,11479,6320,1609682079,0.002839110093191266,0.008808020502328873,0.00335736945271492,0.6270943880081177,4.158806800842285,0.0011340007185935974,0.003763854503631592
158,11513,6340,1609682113,0.0029987578745931387,0.008985297754406929,0.003375173546373844,0.5945211052894592,3.941419839859009,0.001144555164501071,0.0037357492838054895
159,11549,6360,1609682149,0.0030653434805572033,0.008862324990332127,0.003378643188625574,0.6478514671325684,3.9275591373443604,0.0011643520556390285,0.00376503961160779
160,11585,6380,1609682185,0.002795026171952486,0.009136573411524296,0.0034500816836953163,0.6180530786514282,3.769603967666626,0.001160839106887579,0.0038438267074525356
161,11657,6420,1609682257,0.002877345308661461,0.008986936882138252,0.0033712766598910093,0.6118816137313843,3.766101598739624,0.0011338323820382357,0.003736834041774273
162,11729,6460,1609682329,0.00315382843837142,0.008679001592099667,0.003316117450594902,0.6691358685493469,3.692143678665161,0.0011060903780162334,0.0037385160103440285
163,11764,6480,1609682364,0.0027993679977953434,0.008827200159430504,0.00338942464441061,0.5950669050216675,3.755051851272583,0.0011430832091718912,0.0038231739308685064
164,12047,6640,1609682647,0.0027609444223344326,0.009004143998026848,0.003389042569324374,0.6093313097953796,4.129131317138672,0.0011471064062789083,0.003759278217330575
165,12083,6660,1609682683,0.003161844564601779,0.008865931071341038,0.003355758497491479,0.6525682210922241,3.9874253273010254,0.0011140212882310152,0.0037607718259096146
166,12118,6680,1609682718,0.0028449613600969315,0.008927689865231514,0.003371624043211341,0.5863106846809387,3.905673027038574,0.0011433903127908707,0.0037478357553482056
167,12299,6780,1609682899,0.002910653594881296,0.008883820846676826,0.0033538013231009245,0.6051731109619141,3.943981170654297,0.001143326866440475,0.0037209358997642994
168,12372,6820,1609682972,0.0031488395761698484,0.009073233231902122,0.0033895536325871944,0.6464520692825317,3.967033624649048,0.001129593700170517,0.003754952922463417
169,12447,6860,1609683047,0.003026419086381793,0.008901460096240044,0.003344617085531354,0.6422529220581055,3.653749704360962,0.0011115334928035736,0.0037254192866384983
170,12551,6920,1609683151,0.0031608608551323414,0.008974696509540081,0.0033979592844843864,0.6026042699813843,3.7379369735717773,0.0011451105820015073,0.003791895229369402
171,12586,6940,1609683186,0.0028285575099289417,0.009078830480575562,0.003388653276488185,0.5938597917556763,4.099181175231934,0.0011500654509291053,0.003730515018105507
172,12623,6960,1609683223,0.002916474360972643,0.008932924829423428,0.0033932917285710573,0.6110442876815796,4.162973880767822,0.0011388855054974556,0.0038011542055755854
173,12768,7040,1609683368,0.002873471239581704,0.008964328095316887,0.0033593338448554277,0.5783240795135498,3.7828235626220703,0.0011123765725642443,0.003737958613783121
174,12841,7080,1609683441,0.0030948370695114136,0.00884298887103796,0.0033285696990787983,0.6265400648117065,3.784571409225464,0.0011118331458419561,0.0037071662954986095
175,13015,7180,1609683615,0.0031725417356938124,0.009027048945426941,0.0034060971811413765,0.6686514019966125,3.9807047843933105,0.0011266106739640236,0.0038119324017316103
176,13085,7220,1609683685,0.002919850405305624,0.009000668302178383,0.0034571634605526924,0.6552317142486572,3.776797294616699,0.0012166565284132957,0.00384983466938138
177,13119,7240,1609683719,0.0030009415931999683,0.009037312120199203,0.003389672376215458,0.5642908811569214,3.939244270324707,0.0011709509417414665,0.003725846530869603
178,13154,7260,1609683754,0.0027752367313951254,0.009094197303056717,0.0033843580167740583,0.6228420734405518,3.9718177318573,0.0011226895730942488,0.0037427458446472883
179,13332,7360,1609683932,0.0027249509003013372,0.008835678920149803,0.003325583878904581,0.6346849203109741,3.8776023387908936,0.0011268709786236286,0.003687598742544651
180,13517,7460,1609684117,0.002770114690065384,0.00898081623017788,0.003389084478840232,0.5908464193344116,3.853942394256592,0.001128736650571227,0.0037855212576687336
181,13593,7500,1609684193,0.0029522867407649755,0.009243139997124672,0.003420616267248988,0.6224998235702515,3.6325788497924805,0.0011438897345215082,0.003756500082090497
182,13631,7520,1609684231,0.0027414527721703053,0.009174570441246033,0.003398571163415909,0.6237797737121582,3.8761749267578125,0.0011301455087959766,0.0037416641134768724
183,13668,7540,1609684268,0.003092894097790122,0.009009400382637978,0.0033650067634880543,0.633557140827179,3.9077682495117188,0.001115463674068451,0.003733085235580802
184,13779,7600,1609684379,0.003019418101757765,0.009112859144806862,0.0033780764788389206,0.6159427165985107,3.983440399169922,0.0011261219624429941,0.0037184366956353188
185,13852,7640,1609684452,0.003054246073588729,0.009132251143455505,0.003401972819119692,0.5809709429740906,3.9615042209625244,0.0011337898904457688,0.0037600621581077576
186,13920,7680,1609684520,0.0027233310975134373,0.008960286155343056,0.003346662037074566,0.6094469428062439,4.082771301269531,0.0011026926804333925,0.003719423897564411
187,14098,7780,1609684698,0.0027016359381377697,0.008928763680160046,0.0033421795815229416,0.595133900642395,3.6694345474243164,0.0011214116821065545,0.00370075274258852
188,14168,7820,1609684768,0.0027551380917429924,0.009229093790054321,0.00341750867664814,0.6450068950653076,3.9688377380371094,0.0011071800254285336,0.003790641902014613
189,14203,7840,1609684803,0.0028580185025930405,0.008888909593224525,0.003395517822355032,0.6109235286712646,3.7075893878936768,0.001126863295212388,0.003833041526377201
190,14238,7860,1609684838,0.002966872416436672,0.009001772850751877,0.0034050801768898964,0.6414919495582581,3.883561134338379,0.0011538887629285455,0.0037907070945948362
191,14310,7900,1609684910,0.003027838421985507,0.009190212935209274,0.0033705602400004864,0.5964638590812683,3.703437328338623,0.001105000963434577,0.0036962348967790604
192,14345,7920,1609684945,0.002827745396643877,0.00907818041741848,0.0033861922565847635,0.5736293196678162,3.843708038330078,0.0010985478293150663,0.0037765074521303177
193,14381,7940,1609684981,0.002764809411019087,0.009166275151073933,0.00337583408690989,0.6360844969749451,3.7980153560638428,0.0011325777741149068,0.003688942873850465
194,14490,8000,1609685090,0.0029546066652983427,0.009169768542051315,0.0033740627113729715,0.6237635612487793,4.117007732391357,0.001104018185287714,0.003712205681949854
195,14527,8020,1609685127,0.0028453527484089136,0.008989561349153519,0.003361036069691181,0.6045190691947937,3.845806121826172,0.0011409465223550797,0.0037049506790935993
196,14564,8040,1609685164,0.0026757586747407913,0.009465564042329788,0.003473044838756323,0.6004250049591064,3.840101718902588,0.001150685828179121,0.0037978978361934423
197,14850,8200,1609685450,0.002775023225694895,0.009377925656735897,0.00342234643176198,0.5952821373939514,3.8134219646453857,0.0011071937624365091,0.003752305870875716
198,14887,8220,1609685487,0.003030722262337804,0.00951380655169487,0.003437040839344263,0.6057615876197815,3.7921438217163086,0.0011049206368625164,0.0037435716949403286
199,14957,8260,1609685557,0.0029796906746923923,0.009077891707420349,0.003395131090655923,0.5860888957977295,3.9085192680358887,0.001129058306105435,0.0037669502198696136
200,14993,8280,1609685593,0.0028171795420348644,0.009250609204173088,0.0034112532157450914,0.6424355506896973,3.9688239097595215,0.001136947888880968,0.003739106934517622
201,15030,8300,1609685630,0.002661521080881357,0.009433829225599766,0.0034103873185813427,0.611496090888977,4.137747764587402,0.001103902468457818,0.0037090580444782972
202,15172,8380,1609685772,0.0029035182669758797,0.009333047084510326,0.0033803333062678576,0.6279231905937195,3.6641218662261963,0.0010895489249378443,0.0036868792958557606
203,15243,8420,1609685843,0.0030379886738955975,0.009115878492593765,0.0033580074086785316,0.5902310609817505,3.461543083190918,0.0011023019906133413,0.0036944225430488586
204,15281,8440,1609685881,0.0027379035018384457,0.009231511503458023,0.0033980561420321465,0.6315955519676208,4.0015645027160645,0.001141931745223701,0.003709695301949978
205,15317,8460,1609685917,0.00278214062564075,0.009230474010109901,0.0034114085137844086,0.6442793607711792,3.677401065826416,0.0011202746536582708,0.0037628537975251675
206,15388,8500,1609685988,0.002664689440280199,0.009231723845005035,0.0033611711114645004,0.5756475329399109,4.115790843963623,0.0010960232466459274,0.003669467754662037
207,15426,8520,1609686026,0.0030107793863862753,0.009111739695072174,0.003413185477256775,0.5547341704368591,3.7418837547302246,0.0011515541700646281,0.003775298595428467
208,15494,8560,1609686094,0.0026662368327379227,0.00905689038336277,0.0033641643822193146,0.5602554082870483,3.7854323387145996,0.001100972993299365,0.0037297802045941353
209,15565,8600,1609686165,0.0026668873615562916,0.00910784862935543,0.003370916470885277,0.6007066965103149,3.9629740715026855,0.0011208443902432919,0.003708676667883992
210,15599,8620,1609686199,0.00289115565828979,0.009125384502112865,0.003406770061701536,0.661398708820343,3.886922836303711,0.0011538603575900197,0.003753475146368146
211,15745,8700,1609686345,0.002716918010264635,0.009132513776421547,0.0033812141045928,0.6334489583969116,3.693488597869873,0.001133812707848847,0.003711515571922064
212,15782,8720,1609686382,0.0027915339451283216,0.00933571346104145,0.0033663217909634113,0.603262186050415,3.9393887519836426,0.0010902651119977236,0.0036525805480778217
213,15856,8760,1609686456,0.0026392019353806973,0.009324505925178528,0.0033906353637576103,0.6414321660995483,3.7361509799957275,0.001109857577830553,0.0036934560630470514
214,15927,8800,1609686527,0.0027424513828009367,0.009291842579841614,0.003439720720052719,0.5918469429016113,3.8682548999786377,0.0011326675303280354,0.0037960668560117483
215,15960,8820,1609686560,0.0026822786312550306,0.00930791161954403,0.0034227347932755947,0.5720334649085999,3.5352091789245605,0.0011405004188418388,0.0037432429380714893
216,15998,8840,1609686598,0.003000708995386958,0.009371251799166203,0.003388451412320137,0.6012288928031921,4.043272972106934,0.001089564641006291,0.0036930711939930916
217,16142,8920,1609686742,0.002636363497003913,0.00933794304728508,0.0033880844712257385,0.6007330417633057,3.9182510375976562,0.001122250105254352,0.0036706323735415936
218,16284,9000,1609686884,0.002888960065320134,0.009263562969863415,0.0033915461972355843,0.6502156257629395,3.761427879333496,0.0011043186532333493,0.0037214341573417187
219,16319,9020,1609686919,0.0026297755539417267,0.009333481080830097,0.003394555766135454,0.5695563554763794,3.8079471588134766,0.0010960077634081244,0.00371346203610301
220,16354,9040,1609686954,0.0030032345093786716,0.009262293577194214,0.003422034904360771,0.6219637989997864,3.656773328781128,0.001137149054557085,0.0037601671647280455
221,16390,9060,1609686990,0.0027198558673262596,0.009582473896443844,0.0034529254771769047,0.6091609597206116,3.804093837738037,0.0011011167662218213,0.0037615520413964987
222,16465,9100,1609687065,0.0029590968042612076,0.009282218292355537,0.0033938386477530003,0.5614123344421387,4.013607025146484,0.0011016104836016893,0.0037232725881040096
223,16571,9160,1609687171,0.0027718401979655027,0.009376962669193745,0.0033885950688272715,0.6397942304611206,3.633744478225708,0.0011231201933696866,0.003657946828752756
224,16680,9220,1609687280,0.0026430345606058836,0.009356764145195484,0.003414497012272477,0.6100330352783203,3.8519773483276367,0.001088468823581934,0.003759769257158041
225,16751,9260,1609687351,0.0028484207578003407,0.009357348084449768,0.003404021728783846,0.6064727902412415,3.8492703437805176,0.0010949954157695174,0.003728605806827545
226,16788,9280,1609687388,0.0026338924653828144,0.009387394413352013,0.003385294694453478,0.5482625961303711,3.5830249786376953,0.0010803892510011792,0.003689499804750085
227,16862,9320,1609687462,0.0027086713816970587,0.009296414442360401,0.0033925578463822603,0.6424380540847778,3.915952444076538,0.001091270474717021,0.0037258935626596212
228,17039,9420,1609687639,0.0027213364373892546,0.009567061439156532,0.003447201568633318,0.5824701189994812,4.109896183013916,0.001148973940871656,0.0037054764106869698
229,17111,9460,1609687711,0.002995274495333433,0.00959854107350111,0.003438228275626898,0.606884241104126,3.924654960632324,0.0011131060309708118,0.0037099127657711506
230,17256,9540,1609687856,0.0025953773874789476,0.009585446678102016,0.0034309718757867813,0.5960073471069336,3.5147573947906494,0.0011157799744978547,0.0036946721374988556
231,17292,9560,1609687892,0.00295199453830719,0.009583797305822372,0.0034384792670607567,0.6088783740997314,3.625969409942627,0.0011272311676293612,0.003701286856085062
232,17365,9600,1609687965,0.002732126507908106,0.009430143982172012,0.003436281345784664,0.5919619202613831,3.9667882919311523,0.0010904569644480944,0.003784150816500187
233,17440,9640,1609688040,0.002590207615867257,0.009466433897614479,0.003435730468481779,0.6289984583854675,3.7905325889587402,0.0011177487904205918,0.003743477165699005
234,17474,9660,1609688074,0.002899579470977187,0.009300362318754196,0.003405408002436161,0.5557277202606201,3.515845537185669,0.0011236146092414856,0.0037222164683043957
235,17546,9700,1609688146,0.0026439388748258352,0.009408189915120602,0.003476124256849289,0.5902999639511108,3.8064451217651367,0.0011537442915141582,0.0038211490027606487
236,17581,9720,1609688181,0.0029834520537406206,0.009512288495898247,0.003437425708398223,0.6172267198562622,3.7458949089050293,0.0010927655966952443,0.0037571312859654427
237,17615,9740,1609688215,0.00259758229367435,0.009643186815083027,0.003444542409852147,0.5793452262878418,3.607548713684082,0.001106188166886568,0.003716682316735387
238,17685,9780,1609688285,0.0027625428047031164,0.009659487754106522,0.0034409798681735992,0.6332021951675415,3.8184361457824707,0.0011087700258940458,0.00370035320520401
239,17794,9840,1609688394,0.002623517531901598,0.009486110880970955,0.0034194868057966232,0.6085449457168579,3.6603970527648926,0.0011330731213092804,0.00368369254283607
240,18015,9960,1609688615,0.0026456185150891542,0.009555676952004433,0.0034333853982388973,0.5791261196136475,3.5383188724517822,0.0011231591925024986,0.0037028472870588303
241,18085,10000,1609688685,0.002583866473287344,0.009690703824162483,0.0034682415425777435,0.579515814781189,3.956679344177246,0.0011124478187412024,0.003749880474060774
242,18190,10060,1609688790,0.0025529651902616024,0.009607384912669659,0.003432308789342642,0.6171804666519165,3.7657411098480225,0.0011223896872252226,0.0036838685628026724
243,18225,10080,1609688825,0.0029810548294335604,0.009852774441242218,0.0034973309375345707,0.595454216003418,3.958197832107544,0.0011321005877107382,0.003744080662727356
244,18260,10100,1609688860,0.0026056028436869383,0.009490996599197388,0.0034348717890679836,0.5631381273269653,3.8437752723693848,0.0011332927970215678,0.0037177421618252993
245,18334,10140,1609688934,0.002798012923449278,0.009630674496293068,0.0034344084560871124,0.5780575275421143,3.5345335006713867,0.0010998668149113655,0.003703528316691518
246,18372,10160,1609688972,0.0025500282645225525,0.009530747309327126,0.0034449337981641293,0.6316232085227966,3.8883025646209717,0.0011014747433364391,0.003759787417948246
247,18482,10220,1609689082,0.002674482297152281,0.009592989459633827,0.0034228512085974216,0.5873394012451172,3.901392936706543,0.0010985600529238582,0.003690429264679551
248,18587,10280,1609689187,0.0028574499301612377,0.009613842703402042,0.0034587718546390533,0.5736985802650452,3.7780208587646484,0.001095631392672658,0.0037702214904129505
249,18623,10300,1609689223,0.0026844388339668512,0.00981537438929081,0.0034609746653586626,0.6014858484268188,3.9246602058410645,0.0011210683733224869,0.003682747483253479
250,18660,10320,1609689260,0.002576986560598016,0.009506058879196644,0.003413241822272539,0.6303043365478516,3.914083957672119,0.0010970705188810825,0.0036984742619097233
251,18765,10380,1609689365,0.0027869283221662045,0.009611792862415314,0.003447273513302207,0.5540094375610352,3.6253607273101807,0.0011143188457936049,0.003725388552993536
252,18837,10420,1609689437,0.0025496655143797398,0.009854722768068314,0.003498610109090805,0.6021174192428589,4.046797275543213,0.0011394009925425053,0.0037391141522675753
253,18872,10440,1609689472,0.002949043642729521,0.009896591305732727,0.0034937092568725348,0.648030161857605,3.7551841735839844,0.0010897095780819654,0.0037634146865457296
254,18907,10460,1609689507,0.0026135407388210297,0.010063158348202705,0.003494732081890106,0.6090525984764099,3.956575632095337,0.0010820584138855338,0.003717930056154728
255,18941,10480,1609689541,0.002704740036278963,0.00972926989197731,0.0034580836072564125,0.5630137920379639,4.187351226806641,0.0011081598931923509,0.003717611311003566
256,19050,10540,1609689650,0.0029093266930431128,0.009779997169971466,0.0034648142755031586,0.6050292253494263,4.121735095977783,0.0011031501926481724,0.003721417859196663
257,19086,10560,1609689686,0.002694290829822421,0.009861104190349579,0.0034881392493844032,0.5825990438461304,3.7917490005493164,0.0011307921959087253,0.00372116407379508
258,19192,10620,1609689792,0.0025574511382728815,0.009598173201084137,0.003433635225519538,0.6006281971931458,3.9218828678131104,0.0011032848851755261,0.003709138836711645
259,19226,10640,1609689826,0.002791197504848242,0.00970715656876564,0.003463080385699868,0.6297420859336853,3.7319133281707764,0.0011251686373725533,0.0037196334451436996
260,19263,10660,1609689863,0.002722963225096464,0.00970460381358862,0.0034485775977373123,0.5882257223129272,3.731973171234131,0.0010787961073219776,0.0037330160848796368
261,19335,10700,1609689935,0.0029462045058608055,0.009526398032903671,0.0034308400936424732,0.6031772494316101,3.821915864944458,0.0011153053492307663,0.003714522812515497
262,19442,10760,1609690042,0.0028263747226446867,0.00988965667784214,0.0034956992603838444,0.6306211352348328,3.6098780632019043,0.0011269093956798315,0.0037331695202738047
263,19479,10780,1609690079,0.002558787353336811,0.009555663913488388,0.0034576677717268467,0.6016442179679871,3.8142149448394775,0.0010940094944089651,0.003788658883422613
264,19548,10820,1609690148,0.0026321467012166977,0.009785158559679985,0.0034972841385751963,0.5720177888870239,3.6351120471954346,0.0011159591376781464,0.003782650688663125
265,19659,10880,1609690259,0.0025360642466694117,0.00980059802532196,0.003469266928732395,0.6069433689117432,4.082468509674072,0.0011022624094039202,0.0037258281372487545
266,19731,10920,1609690331,0.0027041740249842405,0.009894538670778275,0.0034660808742046356,0.5733201503753662,3.724886178970337,0.0011026097927242517,0.0036867326125502586
267,19838,10980,1609690438,0.002593605313450098,0.009870873764157295,0.003487666603177786,0.5735825300216675,3.902583360671997,0.0011136257089674473,0.0037339716218411922
268,19908,11020,1609690508,0.0027883187867701054,0.0099263247102499,0.003463675267994404,0.6157892346382141,3.905364513397217,0.0011064467253163457,0.0036666872911155224
269,19977,11060,1609690577,0.0028720044065266848,0.009878509677946568,0.003500033635646105,0.5790531635284424,3.789733409881592,0.0011652663815766573,0.0037086429074406624
270,20011,11080,1609690611,0.002594352699816227,0.009810802526772022,0.0034645034465938807,0.6143801212310791,3.8969104290008545,0.0010998044162988663,0.0037137693725526333
271,20080,11120,1609690680,0.0028422668110579252,0.00978520605713129,0.00348506192676723,0.6005198955535889,4.192601680755615,0.0011196460109204054,0.0037504294887185097
272,20116,11140,1609690716,0.0025255298241972923,0.009730665944516659,0.0034535343293100595,0.5949892997741699,3.2676820755004883,0.0011090474436059594,0.003705644514411688
273,20189,11180,1609690789,0.0026318205054849386,0.009847843088209629,0.003449884708970785,0.609894871711731,4.004148483276367,0.0011079641990363598,0.0036591519601643085
274,20223,11200,1609690823,0.0025149534922093153,0.009941790252923965,0.0034855837002396584,0.6135367155075073,3.85660457611084,0.001105545787140727,0.0037135519087314606
275,20259,11220,1609690859,0.002922120038419962,0.009848520159721375,0.003497517667710781,0.6099109053611755,3.888732671737671,0.00109186302870512,0.003786171320825815
276,20438,11320,1609691038,0.002910507610067725,0.009912943467497826,0.0034784991294145584,0.6534973382949829,4.002190113067627,0.0011035887291654944,0.0037085944786667824
277,20473,11340,1609691073,0.002580693457275629,0.010015007108449936,0.0035064872354269028,0.5679538249969482,3.824000835418701,0.0011225895723327994,0.0037208781577646732
278,20511,11360,1609691111,0.002649730071425438,0.0096517913043499,0.003432251513004303,0.5816928148269653,3.8415544033050537,0.0010966516565531492,0.003694671206176281
279,20655,11440,1609691255,0.002624029293656349,0.009839126840233803,0.003476096782833338,0.6086872816085815,3.908803939819336,0.0011003803228959441,0.0037308032624423504
280,20726,11480,1609691326,0.0028943615034222603,0.00999932736158371,0.003470330499112606,0.5760358572006226,3.881524085998535,0.0010964956600219011,0.003667832352221012
281,20760,11500,1609691360,0.002535999985411763,0.010118834674358368,0.0035032001323997974,0.6201692819595337,4.046269416809082,0.0010970483999699354,0.003704140428453684
282,20796,11520,1609691396,0.0027434423100203276,0.00993344560265541,0.0035032983869314194,0.586562991142273,3.7188031673431396,0.0011498278472572565,0.0037133870646357536
283,20939,11600,1609691539,0.002565611619502306,0.010034512728452682,0.003510293085128069,0.5557824373245239,4.142494201660156,0.0011061143595725298,0.0037397309206426144
284,20974,11620,1609691574,0.00265488657169044,0.00993639137595892,0.003510915208607912,0.638619601726532,3.8802032470703125,0.0011107692262157798,0.0037692352198064327
285,21045,11660,1609691645,0.0025027559604495764,0.01000811904668808,0.003479203674942255,0.5546296834945679,3.9337668418884277,0.0010895237792283297,0.00369257852435112
286,21152,11720,1609691752,0.0025664926506578922,0.009958606213331223,0.0035167373716831207,0.5793049335479736,3.9535024166107178,0.0011691806139424443,0.0037170047871768475
287,21221,11760,1609691821,0.002489645965397358,0.010024656541645527,0.0035070746671408415,0.5649191737174988,3.8795135021209717,0.001128478441387415,0.0037131430581212044
288,21258,11780,1609691858,0.0027806819416582584,0.009972820989787579,0.0034626577980816364,0.5700831413269043,3.6177892684936523,0.0010956539772450924,0.003659607144072652
289,21401,11860,1609692001,0.0025371559895575047,0.010128693655133247,0.003520218189805746,0.5921083688735962,3.998216152191162,0.0011204075999557972,0.003717204090207815
290,21438,11880,1609692038,0.002696175128221512,0.010012957267463207,0.0035057365894317627,0.574970006942749,3.687042713165283,0.0011233169352635741,0.0037190821021795273
291,21654,12000,1609692254,0.0027899316046386957,0.010138481855392456,0.003544827690348029,0.6044703722000122,4.087615013122559,0.0011512410128489137,0.0037405299954116344
292,21691,12020,1609692291,0.0024989910889416933,0.010385842993855476,0.003549345303326845,0.6020706295967102,3.873340129852295,0.0010945352260023355,0.003725322661921382
293,21728,12040,1609692328,0.0027885884046554565,0.0099981389939785,0.003536130068823695,0.627676784992218,3.9648633003234863,0.001144929090514779,0.0037733272183686495
294,21798,12080,1609692398,0.002464315854012966,0.009916014038026333,0.003498980775475502,0.6001077890396118,3.952568531036377,0.00112300761975348,0.0037359425332397223
295,21835,12100,1609692435,0.0028953938744962215,0.01000242680311203,0.0034989952109754086,0.5744848847389221,3.9242234230041504,0.0011055446229875088,0.003724635113030672
296,21870,12120,1609692470,0.0025175893679261208,0.009913519024848938,0.003515324555337429,0.619314432144165,4.027007102966309,0.0011360178468748927,0.0037618998903781176
297,21904,12140,1609692504,0.0027052839286625385,0.009898733347654343,0.0035026841796934605,0.6363499164581299,3.7810840606689453,0.0011119788978248835,0.0037613725289702415
298,21938,12160,1609692538,0.0026769002433866262,0.009866667911410332,0.0034672871697694063,0.6072903871536255,3.7623183727264404,0.0010892372811213136,0.0037122094072401524
299,22010,12200,1609692610,0.0028471231926232576,0.010181931778788567,0.0035227385815232992,0.6191883087158203,3.7121775150299072,0.0010932274162769318,0.0037325192242860794
300,22081,12240,1609692681,0.0026021278463304043,0.009898815304040909,0.0035148540046066046,0.5760846138000488,4.05987548828125,0.0011063702404499054,0.0037953516002744436
301,22149,12280,1609692749,0.0024560228921473026,0.010009948164224625,0.003499140962958336,0.5914937257766724,3.7632253170013428,0.0011155509855598211,0.003712461329996586
302,22184,12300,1609692784,0.0027836435474455357,0.010119941085577011,0.0035203173756599426,0.5799082517623901,3.7610464096069336,0.0010737200500443578,0.003767039394006133
303,22220,12320,1609692820,0.0025840848684310913,0.010128127411007881,0.0035044688265770674,0.6187466979026794,4.070514678955078,0.0011318846372887492,0.003669166471809149
304,22330,12380,1609692930,0.0024856512900441885,0.010188226588070393,0.0035174679942429066,0.6519246101379395,3.66408109664917,0.0011034193448722363,0.003707930911332369
305,22365,12400,1609692965,0.0027011255733668804,0.009879056364297867,0.0034644566476345062,0.6171261072158813,3.845203161239624,0.0011057398514822125,0.0036849738098680973
306,22543,12500,1609693143,0.002612875774502754,0.009968884289264679,0.003524412401020527,0.6175140142440796,4.136408805847168,0.001120873261243105,0.0037797940894961357
307,22614,12540,1609693214,0.0024589640088379383,0.01000196486711502,0.0035000734496861696,0.5721257925033569,3.7801694869995117,0.0011118424590677023,0.0037210071459412575
308,22722,12600,1609693322,0.0025197204668074846,0.010001515038311481,0.0034790828358381987,0.6151720285415649,3.7289586067199707,0.00111565669067204,0.0036683655343949795
309,23019,12760,1609693619,0.002672144677489996,0.01019128505140543,0.0035490645095705986,0.6019439697265625,3.989887237548828,0.0011315791634842753,0.003752476768568158
310,23163,12840,1609693763,0.002562375273555517,0.010286284610629082,0.003601167816668749,0.5874017477035522,3.962629556655884,0.0011576288379728794,0.0038163340650498867
311,23199,12860,1609693799,0.0025457744486629963,0.01010938175022602,0.0035172493662685156,0.5795305967330933,3.977342128753662,0.0011232540709897876,0.0037138676270842552
312,23304,12920,1609693904,0.002733157481998205,0.010032758116722107,0.0034933395218104124,0.6350852251052856,4.126132965087891,0.0011235384736210108,0.0036833342164754868
313,23341,12940,1609693941,0.002595328027382493,0.010244587436318398,0.003539550583809614,0.5891996622085571,3.734950542449951,0.001101982081308961,0.003742106258869171
314,23449,13000,1609694049,0.002457713708281517,0.010064451955258846,0.0035141417756676674,0.5908789038658142,4.084629535675049,0.00112901721149683,0.003715829225257039
315,23485,13020,1609694085,0.002646620851010084,0.01006242260336876,0.0035397913306951523,0.6181593537330627,3.7316863536834717,0.0011159568093717098,0.0037894155830144882
316,23521,13040,1609694121,0.0026477687060832977,0.010135174728929996,0.003529633628204465,0.6039565801620483,4.046667575836182,0.001118676271289587,0.0037387439515441656
317,23555,13060,1609694155,0.0024305011611431837,0.010322825983166695,0.0035574259236454964,0.583277702331543,3.939750909805298,0.0011112119536846876,0.0037485058419406414
318,23592,13080,1609694192,0.0027783899568021297,0.010027743875980377,0.003531761933118105,0.622170627117157,4.178940296173096,0.0011330124689266086,0.0037651825696229935
319,23627,13100,1609694227,0.0024947249330580235,0.010072562843561172,0.003539743134751916,0.5775036811828613,3.863554000854492,0.001112244208343327,0.0037896346766501665
320,23773,13180,1609694373,0.0027522719465196133,0.010208841413259506,0.0035274801775813103,0.5788829326629639,3.705893039703369,0.0011024517007172108,0.003725388552993536
321,23807,13200,1609694407,0.002558948937803507,0.010305127128958702,0.0035302904434502125,0.6003687977790833,3.9741134643554688,0.0010965293040499091,0.0037057732697576284
322,23914,13260,1609694514,0.0024637687020003796,0.010332323610782623,0.003521815873682499,0.6074444055557251,3.8665566444396973,0.001091022277250886,0.0036824392154812813
323,23984,13300,1609694584,0.0026154841762036085,0.010232986882328987,0.0035406830720603466,0.5919497013092041,3.761282444000244,0.0010920213535428047,0.003758577397093177
324,24022,13320,1609694622,0.002409682609140873,0.010233070701360703,0.003556459676474333,0.6430066823959351,3.6094765663146973,0.0011371930595487356,0.0037501882761716843
325,24058,13340,1609694658,0.0028089163824915886,0.01021603960543871,0.0035517257638275623,0.5714970231056213,3.7448511123657227,0.0011407257989048958,0.0037412880919873714
326,24130,13380,1609694730,0.002576241036877036,0.010200398042798042,0.003615729743614793,0.5779485702514648,3.860722064971924,0.0011606570333242416,0.0038759128656238317
327,24166,13400,1609694766,0.002704838989302516,0.010559601709246635,0.00358887342736125,0.5882816314697266,3.7567901611328125,0.00112454267218709,0.0037296274676918983
328,24274,13460,1609694874,0.0025142361409962177,0.010215485468506813,0.003513375297188759,0.5815973281860352,3.847121238708496,0.0011086422018706799,0.003684071358293295
329,24450,13560,1609695050,0.0025594145990908146,0.010304609313607216,0.003545967396348715,0.5774214863777161,4.10861873626709,0.0011010592570528388,0.0037379947025328875
330,24486,13580,1609695086,0.002401241334155202,0.01044515985995531,0.003603987628594041,0.6475173234939575,4.014219760894775,0.0011264170752838254,0.0038011677097529173
331,24699,13700,1609695299,0.0027685356326401234,0.0102266576141119,0.0035414956510066986,0.5888912677764893,3.7675366401672363,0.0011276970617473125,0.0037269066087901592
332,24734,13720,1609695334,0.0025024430360645056,0.010358022525906563,0.003583593526855111,0.6425591111183167,3.9425199031829834,0.0011503947898745537,0.0037586484104394913
333,24771,13740,1609695371,0.0025035636499524117,0.010243093594908714,0.003573736874386668,0.5724964737892151,3.8653314113616943,0.001098225126042962,0.0038261294830590487
334,24845,13780,1609695445,0.002415033057332039,0.0103814247995615,0.003579201642423868,0.605015754699707,3.5748000144958496,0.0011246295180171728,0.003766366746276617
335,24882,13800,1609695482,0.0026809615083038807,0.010053228586912155,0.0035097894724458456,0.5617818832397461,3.6155076026916504,0.0011278975289314985,0.0037105351220816374
336,24987,13860,1609695587,0.0027950028888881207,0.010364661924540997,0.00354633666574955,0.6093349456787109,3.737685203552246,0.0010867143282666802,0.0037331837229430676
337,25024,13880,1609695624,0.002426216611638665,0.010324563831090927,0.0035735429264605045,0.6158209443092346,3.616647243499756,0.0011525534791871905,0.0037441912572830915
338,25136,13940,1609695736,0.0023919495288282633,0.010397203266620636,0.003581433091312647,0.5908832550048828,3.748018264770508,0.0011234413832426071,0.0037675006315112114
339,25172,13960,1609695772,0.0027664322406053543,0.010329567827284336,0.0035903463140130043,0.5960429906845093,4.319526672363281,0.0011657923460006714,0.003768492490053177
340,25206,13980,1609695806,0.002481363480910659,0.010203434154391289,0.003540829522535205,0.5956254005432129,4.061556816101074,0.0011116433888673782,0.0037491479888558388
341,25316,14040,1609695916,0.0024031198117882013,0.010578959248960018,0.003590361448004842,0.587804913520813,3.942425489425659,0.0011087993625551462,0.0037423898465931416
342,25389,14080,1609695989,0.0025246520526707172,0.01052132435142994,0.0035818195901811123,0.6287203431129456,3.780846118927002,0.001105498755350709,0.003744971938431263
343,25496,14140,1609696096,0.0024085030891001225,0.010419312864542007,0.003559316508471966,0.6367238163948059,4.01278829574585,0.0011090218322351575,0.0037229452282190323
344,25531,14160,1609696131,0.002639032667502761,0.010245295241475105,0.0035591074265539646,0.5514441132545471,3.9609575271606445,0.0011153676314279437,0.003774117911234498
345,25566,14180,1609696166,0.0025810697115957737,0.010484611615538597,0.0036091264337301254,0.6181339025497437,3.985752582550049,0.0011478608939796686,0.0037785638123750687
346,25674,14240,1609696274,0.0024437997490167618,0.010550579987466335,0.003575705923140049,0.5756028294563293,4.1541595458984375,0.0010946460533887148,0.003731807693839073
347,25708,14260,1609696308,0.0025385930202901363,0.010431695729494095,0.003603826742619276,0.6157536506652832,3.8191444873809814,0.0011701779440045357,0.0037615185137838125
348,25745,14280,1609696345,0.002667443361133337,0.010459152981638908,0.0035629812628030777,0.5779378414154053,3.915199041366577,0.0011010206071659923,0.0037262169644236565
349,25781,14300,1609696381,0.0023936033248901367,0.010694099590182304,0.003606065409258008,0.5774828195571899,3.837538957595825,0.0011226135538890958,0.0037268386222422123
350,25816,14320,1609696416,0.002719293814152479,0.010410965420305729,0.0036248043179512024,0.6152374744415283,4.048542499542236,0.001158987870439887,0.0038285665214061737
351,25853,14340,1609696453,0.0025019184686243534,0.010675281286239624,0.0035941204987466335,0.5692263841629028,3.7566070556640625,0.0011245927307754755,0.003703261725604534
352,25887,14360,1609696487,0.002436980837956071,0.010495422407984734,0.00360200647264719,0.6295666694641113,4.1230268478393555,0.0011569649213925004,0.0037492429837584496
353,25921,14380,1609696521,0.002740576397627592,0.010293669998645782,0.003556696232408285,0.5751355290412903,3.9771666526794434,0.0011334740556776524,0.003734260331839323
354,26097,14480,1609696697,0.002752266125753522,0.0105250533670187,0.003607738297432661,0.6346327066421509,3.8784003257751465,0.0011215249542146921,0.003788180183619261
355,26166,14520,1609696766,0.002547691110521555,0.01058935560286045,0.003651478560641408,0.5784155130386353,4.019546985626221,0.001142079709097743,0.003848251886665821
356,26203,14540,1609696803,0.0026287310756742954,0.010309438221156597,0.0035769669339060783,0.6018610000610352,3.7292208671569824,0.0010927635012194514,0.003817013930529356
357,26241,14560,1609696841,0.002380714053288102,0.010426073335111141,0.003565775230526924,0.5841782093048096,4.040911674499512,0.0011215268168598413,0.003723256988450885
358,26462,14680,1609697062,0.002656895201653242,0.010429887101054192,0.003597613424062729,0.5909325480461121,3.772280216217041,0.0011247452348470688,0.003793056821450591
359,26710,14820,1609697310,0.0023555117659270763,0.01049016509205103,0.0035912496969103813,0.5949311852455139,3.7468605041503906,0.0011102132266387343,0.0037726478185504675
360,26746,14840,1609697346,0.002739353571087122,0.010689829476177692,0.0036539810243993998,0.5862493515014648,3.9629507064819336,0.0011162771843373775,0.0038464018143713474
361,26780,14860,1609697380,0.0024753345642238855,0.010304922237992287,0.0035207043401896954,0.5763553380966187,3.5521352291107178,0.0010867860401049256,0.00369321764446795
362,26817,14880,1609697417,0.002483756747096777,0.010284931398928165,0.003576984629034996,0.574323832988739,3.6715288162231445,0.0011003875406458974,0.003817599266767502
363,26889,14920,1609697489,0.0023670908994972706,0.010502980090677738,0.003616509959101677,0.5989499092102051,3.637002468109131,0.0011226687347516418,0.003814860712736845
364,26924,14940,1609697524,0.0026828250847756863,0.010623691603541374,0.0036174089182168245,0.5685045719146729,3.930772066116333,0.0010903148213401437,0.0038090762682259083
365,26961,14960,1609697561,0.0025172559544444084,0.010553812608122826,0.0036215800791978836,0.5728001594543457,3.869983673095703,0.0011347285471856594,0.003797687590122223
366,26997,14980,1609697597,0.002389576518908143,0.010669562965631485,0.0036008113529533148,0.6241914629936218,4.0564470291137695,0.0010964649263769388,0.0037489072419703007
367,27031,15000,1609697631,0.0027462071739137173,0.010417059995234013,0.0035399210173636675,0.582598865032196,3.7189712524414062,0.0010820700554177165,0.003705392125993967
368,27174,15080,1609697774,0.0023405810352414846,0.010670337826013565,0.003593522123992443,0.5583815574645996,3.852278232574463,0.0010942050721496344,0.0037338994443416595
369,27209,15100,1609697809,0.002727183513343334,0.01056339405477047,0.003606585320085287,0.5832529664039612,4.068618297576904,0.0011166941840201616,0.0037775402888655663
370,27282,15140,1609697882,0.002490802202373743,0.010649374686181545,0.003597571514546871,0.5760807991027832,4.147289752960205,0.001097487984225154,0.0037470534443855286
371,27429,15220,1609698029,0.0024620424956083298,0.010650984942913055,0.003621616866439581,0.5562108755111694,3.771564483642578,0.001139231026172638,0.003760880557820201
372,27465,15240,1609698065,0.0023952643387019634,0.010696741752326488,0.003663809970021248,0.5942609906196594,3.9890403747558594,0.001114710234105587,0.0038685996551066637
373,27502,15260,1609698102,0.0027498824056237936,0.010318372398614883,0.003611419815570116,0.5865570902824402,3.90744686126709,0.0011321762576699257,0.003855012357234955
374,27539,15280,1609698139,0.002362224506214261,0.010616551153361797,0.0035964844282716513,0.6448389291763306,3.557007312774658,0.0011038413504138589,0.0037491056136786938
375,27575,15300,1609698175,0.0025813202373683453,0.010594095103442669,0.0036506950855255127,0.5948432683944702,3.9144253730773926,0.001147389761172235,0.003839533543214202
376,27611,15320,1609698211,0.002535437699407339,0.010660926811397076,0.00362280267290771,0.6110044121742249,3.505060911178589,0.001110439421609044,0.003789125010371208
377,27754,15400,1609698354,0.002504450036212802,0.010653670877218246,0.0036192613188177347,0.6345720887184143,3.8014345169067383,0.0011361408978700638,0.0037575787864625454
378,27935,15500,1609698535,0.0024050886277109385,0.010568846017122269,0.0036737830378115177,0.6051154136657715,4.021205902099609,0.0011765751987695694,0.003872636705636978
379,27971,15520,1609698571,0.0026786078233271837,0.01070280559360981,0.0036348889116197824,0.5981961488723755,3.6067678928375244,0.001203605905175209,0.003710199613124132
380,28041,15560,1609698641,0.0026072817854583263,0.010670876130461693,0.0036131246015429497,0.5702822208404541,3.745177745819092,0.001148004550486803,0.0037256604991853237
381,28114,15600,1609698714,0.0023264524061232805,0.010594764724373817,0.0036149071529507637,0.5541737675666809,3.81628155708313,0.0011151004582643509,0.003788095200434327
382,28291,15700,1609698891,0.0023553480859845877,0.010468672960996628,0.0035736574791371822,0.6148717999458313,3.999455690383911,0.001113689155317843,0.0037352866493165493
383,28363,15740,1609698963,0.002405828330665827,0.010808432474732399,0.003638779977336526,0.606626033782959,3.867507219314575,0.0011449926532804966,0.0037426832132041454
384,28399,15760,1609698999,0.002437903545796871,0.010463304817676544,0.003570081200450659,0.6224201321601868,4.062128067016602,0.001098192180506885,0.0037442282773554325
385,28435,15780,1609699035,0.0026130545884370804,0.01063641719520092,0.003599510993808508,0.5910753011703491,3.974332809448242,0.001099917571991682,0.0037534688599407673
386,28470,15800,1609699070,0.0023255236446857452,0.010798032395541668,0.003684192430227995,0.5630398988723755,3.547534465789795,0.0011687111109495163,0.003828393528237939
387,28538,15840,1609699138,0.002437970135360956,0.010693032294511795,0.0036580264568328857,0.6010562181472778,3.9420788288116455,0.0011281247716397047,0.0038429261185228825
388,28573,15860,1609699173,0.0023322985507547855,0.010636339895427227,0.003604346187785268,0.5879852175712585,3.913599967956543,0.0011560338316485286,0.0037086601369082928
389,28647,15900,1609699247,0.0023771822452545166,0.010917054489254951,0.0036268197000026703,0.628112256526947,3.6813745498657227,0.0011130714556202292,0.0037104887887835503
390,28716,15940,1609699316,0.0025472380220890045,0.010871182195842266,0.003655223175883293,0.6353001594543457,3.9496731758117676,0.0011188109638169408,0.0037863152101635933
391,28754,15960,1609699354,0.0023377088364213705,0.011121923103928566,0.003680729540064931,0.602314829826355,3.763153076171875,0.001130204414948821,0.0037508560344576836
392,28788,15980,1609699388,0.00271666725166142,0.010747993364930153,0.0036265463568270206,0.6347436904907227,3.804091453552246,0.0011054561473429203,0.0037738203536719084
393,29013,16100,1609699613,0.0024221851490437984,0.010824879631400108,0.003658349858596921,0.6479066610336304,4.057583808898926,0.0011785204987972975,0.0037493351846933365
394,29083,16140,1609699683,0.002672700211405754,0.010959994979202747,0.003632310777902603,0.5941461324691772,3.6570987701416016,0.0011260989122092724,0.0036959610879421234
395,29121,16160,1609699721,0.0023211620282381773,0.010565761476755142,0.0036121804732829332,0.5917510986328125,4.043079376220703,0.0011382997035980225,0.0037682009860873222
396,29159,16180,1609699759,0.002557452069595456,0.010509262792766094,0.0036196273285895586,0.6339124441146851,3.7368831634521484,0.0011167547199875116,0.0038259539287537336
397,29232,16220,1609699832,0.002317940816283226,0.010722747072577477,0.0036200368776917458,0.6010318994522095,3.619603157043457,0.0011387099511921406,0.0037337939720600843
398,29344,16280,1609699944,0.0025032206904143095,0.010851511731743813,0.003722342662513256,0.5803019404411316,4.045598030090332,0.0011311580892652273,0.00393713777884841
399,29382,16300,1609699982,0.0025531703140586615,0.010834500193595886,0.0036508599296212196,0.6014897227287292,3.980300188064575,0.0011195952538400888,0.0037875776179134846
400,29454,16340,1609700054,0.002635570941492915,0.01088106818497181,0.003682904876768589,0.6174699664115906,3.9421143531799316,0.0011251524556428194,0.0038412699941545725
401,29489,16360,1609700089,0.0023968007881194353,0.01080115046352148,0.0036468717735260725,0.6239467859268188,3.549708604812622,0.0011376753682270646,0.0037713083438575268
402,29565,16400,1609700165,0.002642350737005472,0.010838084854185581,0.0036785746924579144,0.6334031224250793,3.8338429927825928,0.0011671525426208973,0.003803493920713663
403,29710,16480,1609700310,0.002278644125908613,0.010723132640123367,0.003662695176899433,0.5881009101867676,3.9287729263305664,0.0011452826438471675,0.0038266293704509735
404,29782,16520,1609700382,0.002341229934245348,0.010911934077739716,0.003663521958515048,0.5798202753067017,3.637606143951416,0.001105909701436758,0.0038049970753490925
405,29999,16640,1609700599,0.0023987155873328447,0.010634172707796097,0.0036690293345600367,0.5620304346084595,3.9453468322753906,0.0011045801220461726,0.003911763895303011
406,30106,16700,1609700706,0.0026064219418913126,0.010939763858914375,0.0037612835876643658,0.5730836391448975,3.6787328720092773,0.0012022070586681366,0.0039275330491364
407,30180,16740,1609700780,0.0023277667351067066,0.011003418825566769,0.00369236059486866,0.6148288249969482,4.074652671813965,0.0011548491893336177,0.0037928526289761066
408,30250,16780,1609700850,0.0023235296830534935,0.010796595364809036,0.0036483074072748423,0.5998539328575134,3.8641409873962402,0.0011289881076663733,0.003784863743931055
409,30286,16800,1609700886,0.0025095969904214144,0.010841719806194305,0.003658326342701912,0.58095782995224,3.9301061630249023,0.0010970255825668573,0.003825162537395954
410,30322,16820,1609700922,0.002509321551769972,0.010651513934135437,0.003617005655542016,0.5592393279075623,3.5190229415893555,0.0011311311973258853,0.0037580435164272785
411,30472,16900,1609701072,0.002404504921287298,0.010695680975914001,0.0036541265435516834,0.6250461339950562,3.9703049659729004,0.001105036586523056,0.003856031922623515
412,30687,17020,1609701287,0.0026354510337114334,0.010728977620601654,0.0036072242073714733,0.5831663608551025,3.6295485496520996,0.0011213435791432858,0.003719186410307884
413,30723,17040,1609701323,0.002303779125213623,0.01085255853831768,0.003669596742838621,0.5810375213623047,4.022457122802734,0.0011367573169991374,0.003808115143328905
414,30869,17120,1609701469,0.002642262727022171,0.01103254221379757,0.003684293944388628,0.6385557651519775,3.6007182598114014,0.0011254020500928164,0.0037937697488814592
415,30903,17140,1609701503,0.0023374678567051888,0.01079685240983963,0.0036778394132852554,0.5862257480621338,3.9865968227386475,0.001140450593084097,0.0038422236684709787
416,31083,17240,1609701683,0.002365205204114318,0.01105445995926857,0.003706460352987051,0.6125884056091309,3.983844757080078,0.0011349932756274939,0.003828593995422125
417,31157,17280,1609701757,0.0025960595812648535,0.010910199955105782,0.003686624113470316,0.5676367282867432,3.8064239025115967,0.0011340868659317493,0.003831302747130394
418,31230,17320,1609701830,0.002556039486080408,0.010919786989688873,0.0036825130227953196,0.5661330223083496,3.9624428749084473,0.0011320820776745677,0.0038205194287002087
419,31268,17340,1609701868,0.0024504191242158413,0.010886188596487045,0.0037192164454609156,0.6446555256843567,3.894991874694824,0.001183502608910203,0.0038659400306642056
420,31305,17360,1609701905,0.0022692440543323755,0.01090000569820404,0.0036745185498148203,0.5714811086654663,3.611504316329956,0.0011140985880047083,0.003826442640274763
421,31341,17380,1609701941,0.002647742861881852,0.010903662070631981,0.0037009730003774166,0.5694920420646667,4.014264106750488,0.0011397949419915676,0.003861254546791315
422,31378,17400,1609701978,0.0023055458441376686,0.010764728300273418,0.0036770282313227654,0.6342244148254395,3.7096879482269287,0.0011687491787597537,0.0038227406330406666
423,31449,17440,1609702049,0.0025114440359175205,0.010862036608159542,0.0036808676086366177,0.5644189119338989,3.651522397994995,0.0011550247436389327,0.0038129875902086496
424,31485,17460,1609702085,0.0022635164204984903,0.011024123057723045,0.0036733588203787804,0.5885624885559082,3.916469097137451,0.0011197696439921856,0.003776693716645241
425,31632,17540,1609702232,0.0025769141502678394,0.011032403446733952,0.0036500091664493084,0.6051709651947021,3.7795019149780273,0.0011015536729246378,0.003737666876986623
426,31667,17560,1609702267,0.002263269852846861,0.010872968472540379,0.0036700679920613766,0.5901507139205933,3.755321979522705,0.001127578318119049,0.0038115903735160828
427,31701,17580,1609702301,0.0025841237511485815,0.011077948845922947,0.003748550545424223,0.5993092060089111,4.069292068481445,0.001118310960009694,0.003935657441616058
428,31738,17600,1609702338,0.002402761485427618,0.011048917658627033,0.003719778498634696,0.6104466915130615,3.8281359672546387,0.0011322149075567722,0.003864295082166791
429,31848,17660,1609702448,0.0023166511673480272,0.010878243483603,0.0037022773176431656,0.5960175395011902,3.791141986846924,0.0011495121289044619,0.003863053862005472
430,31919,17700,1609702519,0.0024689193814992905,0.011045807972550392,0.003702823305502534,0.5725609064102173,4.116999626159668,0.0011441108072176576,0.0038138735108077526
431,31989,17740,1609702589,0.0026234197430312634,0.011073312722146511,0.003722749650478363,0.610641598701477,4.030296802520752,0.0011623033788055182,0.0038330077659338713
432,32026,17760,1609702626,0.0023377137258648872,0.011032795533537865,0.00369897298514843,0.6324419975280762,3.843196153640747,0.0011286756489425898,0.003824662882834673
433,32061,17780,1609702661,0.0023967225570231676,0.010711612179875374,0.003654435509815812,0.6103034615516663,3.751922845840454,0.0011495575308799744,0.0038069207221269608
434,32097,17800,1609702697,0.0025553442537784576,0.011033637449145317,0.003728247480466962,0.5811572074890137,3.972621440887451,0.0011046032886952162,0.003916761837899685
435,32239,17880,1609702839,0.002291384618729353,0.01076741423457861,0.0036135385744273663,0.5919444561004639,3.45851469039917,0.0011261701583862305,0.003716282546520233
436,32308,17920,1609702908,0.0022785677574574947,0.01091958861798048,0.0036838590167462826,0.5588923692703247,3.3154139518737793,0.0011422501411288977,0.0038135575596243143
437,32345,17940,1609702945,0.0024913907982409,0.011032545939087868,0.0037103258073329926,0.601557731628418,4.121589183807373,0.0011586153414100409,0.0038212956860661507
438,32382,17960,1609702982,0.00242834584787488,0.010847585275769234,0.003713006153702736,0.6011835336685181,3.4769937992095947,0.0011507980525493622,0.0038970201276242733
439,32454,18000,1609703054,0.0026348165702074766,0.010997319594025612,0.003681992180645466,0.621842622756958,4.125463485717773,0.0011265091598033905,0.0037990326527506113
440,32488,18020,1609703088,0.0023167463950812817,0.011052481830120087,0.003708893433213234,0.5758159160614014,4.068553924560547,0.0011552844662219286,0.00381463929079473
441,32561,18060,1609703161,0.002491690218448639,0.01087005715817213,0.0036858520470559597,0.5913563370704651,3.6832048892974854,0.001131523516960442,0.00384544488042593
442,32708,18140,1609703308,0.0023120727855712175,0.01119918655604124,0.0037360121496021748,0.5884212255477905,3.957197427749634,0.001143652480095625,0.0038406471721827984
443,32745,18160,1609703345,0.0025962090585380793,0.010959961451590061,0.003700698260217905,0.6360234618186951,3.841458559036255,0.001136717852205038,0.0038449247367680073
444,32783,18180,1609703383,0.002261242363601923,0.011073647998273373,0.003681605216115713,0.588385820388794,3.664292812347412,0.0011150881182402372,0.0037841075100004673
445,32821,18200,1609703421,0.0025068847462534904,0.01085623912513256,0.0037226122803986073,0.5879346132278442,3.8125548362731934,0.0011612784583121538,0.0039060700219124556
446,32891,18240,1609703491,0.0022271177731454372,0.010947972536087036,0.0036618970334529877,0.6343872547149658,3.3981833457946777,0.0010958025231957436,0.0037992997094988823
447,32926,18260,1609703526,0.0026378403417766094,0.01103508286178112,0.0037738215178251266,0.5786646604537964,3.9099793434143066,0.0011775281745940447,0.003949694335460663
448,32962,18280,1609703562,0.00229647196829319,0.010883105918765068,0.0037040000315755606,0.5693607330322266,4.081756114959717,0.0011154324747622013,0.0038995323702692986
449,33035,18320,1609703635,0.002475809771567583,0.011129582300782204,0.003709724871441722,0.5956605672836304,3.647799253463745,0.00113977852743119,0.003806385211646557
450,33108,18360,1609703708,0.0025781462900340557,0.010801644064486027,0.0036565589252859354,0.5699377059936523,3.774538278579712,0.0011143978917971253,0.0038170251064002514
451,33182,18400,1609703782,0.0023274002596735954,0.01096783485263586,0.003743524895980954,0.6381787061691284,3.666175603866577,0.0011356965405866504,0.003943249583244324
452,33255,18440,1609703855,0.0022489777766168118,0.010885226540267467,0.0037086789961904287,0.5979005694389343,3.991771697998047,0.001125653157941997,0.003899522591382265
453,33290,18460,1609703890,0.0025258068926632404,0.010937053710222244,0.0036958721466362476,0.582286536693573,3.914858341217041,0.0011445818236097693,0.003833435010164976
454,33326,18480,1609703926,0.0023689561057835817,0.01096286065876484,0.003712219186127186,0.5658046007156372,3.9228639602661133,0.0011231652460992336,0.0038843918591737747
455,33397,18520,1609703997,0.0026241778396070004,0.011205608025193214,0.0037175598554313183,0.5996013879776001,3.7879891395568848,0.0011222594184800982,0.003816843731328845
456,33504,18580,1609704104,0.0024115631822496653,0.011002324521541595,0.0037509105168282986,0.5899771451950073,4.108242034912109,0.001126623246818781,0.0039580585435032845
457,33610,18640,1609704210,0.002294813049957156,0.011229658499360085,0.003770394716411829,0.6148706674575806,3.7786636352539062,0.0011382063385099173,0.003916161600500345
458,33646,18660,1609704246,0.002355162752792239,0.011074569076299667,0.0037086340598762035,0.5736074447631836,3.698139190673828,0.0011627266649156809,0.0037992289289832115
459,33682,18680,1609704282,0.002494314918294549,0.011172981932759285,0.0037657299544662237,0.6383142471313477,3.908435344696045,0.0011710883118212223,0.003891287138685584
460,33717,18700,1609704317,0.0022187880240380764,0.010944221168756485,0.003699962515383959,0.5971875190734863,4.091108798980713,0.0011216704733669758,0.0038635015953332186
461,33755,18720,1609704355,0.0025326127652078867,0.011078286916017532,0.003705850336700678,0.5757339000701904,3.9503886699676514,0.0011266585206612945,0.0038275630213320255
462,33901,18800,1609704501,0.0022636265493929386,0.011219258420169353,0.0037380370777100325,0.5692489743232727,3.486445903778076,0.0011367897968739271,0.003845543134957552
463,33972,18840,1609704572,0.002412836067378521,0.011598429642617702,0.00383848138153553,0.5618810653686523,3.798694610595703,0.0011697278823703527,0.003920585848391056
464,34079,18900,1609704679,0.0022679176181554794,0.01111387275159359,0.0037591883447021246,0.5983472466468811,3.914957046508789,0.0011658392613753676,0.00390097638592124
465,34150,18940,1609704750,0.0025018479209393263,0.011148697696626186,0.0037168958224356174,0.6081030964851379,3.950540542602539,0.0011273166164755821,0.0038292077369987965
466,34222,18980,1609704822,0.002558163134381175,0.011346379294991493,0.0037842607125639915,0.6195809841156006,3.983938694000244,0.0011835771147161722,0.003864238504320383
467,34260,19000,1609704860,0.002323494991287589,0.011078660376369953,0.0037387844640761614,0.6199174523353577,3.7369980812072754,0.001154452795162797,0.003876490518450737
468,34334,19040,1609704934,0.0025530564598739147,0.011492691934108734,0.003793958108872175,0.6030293107032776,4.134400367736816,0.0011520638363435864,0.0038696068804711103
469,34368,19060,1609704968,0.0022472501732409,0.011173682287335396,0.003752202494069934,0.6121227741241455,3.777078628540039,0.0011381130898371339,0.0038924645632505417
470,34517,19140,1609705117,0.0025888443924486637,0.011333184316754341,0.0038009793497622013,0.6065681576728821,3.7715747356414795,0.0011641096789389849,0.003927113488316536
471,34552,19160,1609705152,0.0022644074633717537,0.011322131380438805,0.003779228776693344,0.603710412979126,3.868060827255249,0.0011550316121429205,0.0038891250733286142
472,34622,19200,1609705222,0.002446322003379464,0.011112653650343418,0.0037438147701323032,0.5592412948608398,3.8749277591705322,0.001159963198006153,0.0038713866379112005
473,34693,19240,1609705293,0.002525357063859701,0.011130174621939659,0.0037408540956676006,0.6086586713790894,3.654315948486328,0.0011531099444255233,0.003865491598844528
474,34839,19320,1609705439,0.0022216434590518475,0.011422347277402878,0.0038052150048315525,0.5834966897964478,3.6494359970092773,0.0011719265021383762,0.0038994597271084785
475,34873,19340,1609705473,0.002471240470185876,0.011177094653248787,0.0037323152646422386,0.5913992524147034,3.853003740310669,0.0011389778228476644,0.003844059305265546
476,34909,19360,1609705509,0.002341489540413022,0.011436155065894127,0.0038025141693651676,0.5784181356430054,3.6350979804992676,0.0011326231760904193,0.003927858080714941
477,34945,19380,1609705545,0.0022065879311412573,0.011175096035003662,0.0037588803097605705,0.5887196063995361,3.958081007003784,0.001152296899817884,0.0038933909963816404
478,34981,19400,1609705581,0.002611375181004405,0.011282751336693764,0.0037907124496996403,0.6102436780929565,3.825063705444336,0.0011705664219334722,0.003913511987775564
479,35016,19420,1609705616,0.0022408366203308105,0.011227203533053398,0.0037762634456157684,0.5822452306747437,4.104104995727539,0.0011365206446498632,0.003932359628379345
480,35122,19480,1609705722,0.0022091944701969624,0.011289414018392563,0.0037761800922453403,0.6009868383407593,3.45167875289917,0.001133312121964991,0.003914636559784412
481,35195,19520,1609705795,0.002279748674482107,0.011255051009356976,0.0037810644134879112,0.5899934768676758,3.7508316040039062,0.001184293651022017,0.0038865054957568645
482,35230,19540,1609705830,0.002320264233276248,0.011009512469172478,0.0037406960036605597,0.5791849493980408,3.9969911575317383,0.0011450302554294467,0.003913423046469688
483,35413,19640,1609706013,0.002211892744526267,0.011130420491099358,0.00377190881408751,0.5761547088623047,3.8738021850585938,0.0011461942922323942,0.003944786265492439
484,35486,19680,1609706086,0.0022242041304707527,0.011341098695993423,0.003780525177717209,0.5943084955215454,3.889087438583374,0.0011502411216497421,0.003890617284923792
485,35556,19720,1609706156,0.002391467336565256,0.011024484410881996,0.003767495509237051,0.6072262525558472,3.9833972454071045,0.0011845657136291265,0.003931428771466017
486,35629,19760,1609706229,0.0025564946699887514,0.011262349784374237,0.0037802380975335836,0.6130234003067017,3.7754251956939697,0.0011621947633102536,0.003904243465512991
487,35774,19840,1609706374,0.002194441156461835,0.011570842936635017,0.00380442151799798,0.5754104852676392,4.055152893066406,0.0011314795119687915,0.003888556733727455
488,35883,19900,1609706483,0.002269682940095663,0.011248587630689144,0.0038184220902621746,0.5685820579528809,4.14882755279541,0.0011838991194963455,0.003976223524659872
489,35917,19920,1609706517,0.0025535007007420063,0.01122380793094635,0.003771670861169696,0.5889097452163696,4.115079879760742,0.0011309966212138534,0.003928299527615309
490,35951,19940,1609706551,0.0021985636558383703,0.011407123878598213,0.003812447190284729,0.6273285150527954,4.054543495178223,0.0011552443029358983,0.003938090521842241
491,36059,20000,1609706659,0.002188942162320018,0.011138069443404675,0.0037878816947340965,0.588456392288208,4.144239902496338,0.0011654756963253021,0.00396022479981184
492,36093,20020,1609706693,0.002543212380260229,0.011249233968555927,0.003766976296901703,0.6196050643920898,3.834313154220581,0.0011463777627795935,0.003893488785251975
493,36163,20060,1609706763,0.002344426466152072,0.01114748977124691,0.003748434130102396,0.5621768236160278,3.779064178466797,0.001154223340563476,0.003876292612403631
494,36202,20080,1609706802,0.0024205453228205442,0.011127976700663567,0.0037456979043781757,0.5717724561691284,3.739333152770996,0.0011603620368987322,0.0038702739402651787
495,36238,20100,1609706838,0.0021683413069695234,0.011164353229105473,0.0037687071599066257,0.6201028823852539,3.6877682209014893,0.0011427244171500206,0.003929474391043186
496,36341,20160,1609706941,0.002253270708024502,0.011405066587030888,0.003800768870860338,0.5572789907455444,3.836611747741699,0.0011837189085781574,0.0038830526173114777
497,36379,20180,1609706979,0.002503157127648592,0.011237921193242073,0.003795278025791049,0.6049515008926392,4.010734558105469,0.0011990373022854328,0.0039106374606490135
498,36414,20200,1609707014,0.0022062077187001705,0.011206484399735928,0.0038009402342140675,0.615237832069397,3.390707492828369,0.001201423117890954,0.003931942395865917
499,36452,20220,1609707052,0.002483177464455366,0.01137961633503437,0.003786050947383046,0.5945261716842651,4.068723201751709,0.001170680858194828,0.0038702324964106083
500,36490,20240,1609707090,0.002306499984115362,0.011247433722019196,0.0038017425686120987,0.6382671594619751,3.8932323455810547,0.0011619428405538201,0.003959646448493004
501,36564,20280,1609707164,0.00256411824375391,0.01149455551058054,0.003835998708382249,0.5808193683624268,3.8188633918762207,0.0011528588365763426,0.003966286312788725
502,36637,20320,1609707237,0.002375788753852248,0.01127018965780735,0.0037843938916921616,0.5321188569068909,3.4014358520507812,0.0011578635312616825,0.0039156582206487656
503,36673,20340,1609707273,0.002403861377388239,0.01127036102116108,0.0038225422613322735,0.6292619109153748,3.681835412979126,0.0011519191320985556,0.004010558128356934
504,36823,20420,1609707423,0.0023024994879961014,0.011414817534387112,0.0038519571535289288,0.5728927254676819,4.093069553375244,0.0011697402223944664,0.004013220313936472
505,36856,20440,1609707456,0.002453387714922428,0.011646885424852371,0.0038326724898070097,0.6354286670684814,3.7249412536621094,0.0011545349843800068,0.003906072350218892
506,36925,20480,1609707525,0.0024848231114447117,0.011425450444221497,0.003884496632963419,0.6305553913116455,3.772275447845459,0.0011993278749287128,0.004056014120578766
507,36963,20500,1609707563,0.002309116069227457,0.011557310819625854,0.0038394436705857515,0.5773476362228394,3.792750835418701,0.0011506916489452124,0.003955572843551636
508,37033,20540,1609707633,0.002544259652495384,0.011541185900568962,0.003831889247521758,0.58078932762146,3.8275277614593506,0.0011467647273093462,0.003947248216718435
509,37139,20600,1609707739,0.0023592226207256317,0.011467518284916878,0.0037809705827385187,0.5935574173927307,3.7178537845611572,0.0011542858555912971,0.0038454728201031685
510,37173,20620,1609707773,0.0021474987734109163,0.011279284954071045,0.0037851971574127674,0.5945130586624146,3.823568105697632,0.00115415477193892,0.003918209578841925
511,37207,20640,1609707807,0.0025341794826090336,0.011390043422579765,0.0037915497086942196,0.5878934860229492,3.8522238731384277,0.0011437033535912633,0.00390656478703022
512,37242,20660,1609707842,0.002205240074545145,0.011327221989631653,0.0037929541431367397,0.6171071529388428,3.800464630126953,0.0011738028842955828,0.003900681622326374
513,37347,20720,1609707947,0.002156168920919299,0.011266488581895828,0.0038256915286183357,0.5697085857391357,3.4950268268585205,0.0011714540887624025,0.003999663051217794
514,37421,20760,1609708021,0.0022573675960302353,0.011489763855934143,0.0038562556728720665,0.5684628486633301,3.8684935569763184,0.0011933837085962296,0.003974624909460545
515,37492,20800,1609708092,0.0025141132064163685,0.011396585032343864,0.0038096350617706776,0.588426411151886,3.7589030265808105,0.0011790923308581114,0.003911194391548634
516,37565,20840,1609708165,0.0024369137827306986,0.011444554664194584,0.0038397451862692833,0.5825566053390503,3.844511032104492,0.0011638710275292397,0.003980683628469706
517,37637,20880,1609708237,0.0021539470180869102,0.011402352713048458,0.0038235951215028763,0.6129581928253174,4.158950328826904,0.001167941838502884,0.003952995408326387
518,37743,20940,1609708343,0.0023294701240956783,0.011390619911253452,0.0038080126978456974,0.5785259008407593,3.705963134765625,0.0011595184914767742,0.0039289710111916065
519,37814,20980,1609708414,0.002160071860998869,0.011407725512981415,0.0038922810927033424,0.5672000050544739,3.888856887817383,0.0011813128367066383,0.004098099656403065
